[{"model": "admin.logentry", "pk": 1, "fields": {"action_time": "2023-05-26T13:44:30.644", "user": 1, "content_type": 7, "object_id": "1", "object_repr": "Md Rakib Hassan", "action_flag": 1, "change_message": "[{\"added\": {}}]"}}, {"model": "admin.logentry", "pk": 2, "fields": {"action_time": "2023-05-26T13:59:35.214", "user": 1, "content_type": 7, "object_id": "2", "object_repr": "Sumilon", "action_flag": 1, "change_message": "[{\"added\": {}}]"}}, {"model": "admin.logentry", "pk": 3, "fields": {"action_time": "2023-05-26T14:00:12.682", "user": 1, "content_type": 7, "object_id": "3", "object_repr": "Hassan", "action_flag": 1, "change_message": "[{\"added\": {}}]"}}, {"model": "admin.logentry", "pk": 4, "fields": {"action_time": "2023-05-26T14:00:43.959", "user": 1, "content_type": 7, "object_id": "2", "object_repr": "Sumilon", "action_flag": 2, "change_message": "[{\"changed\": {\"fields\": [\"Roll\"]}}]"}}, {"model": "admin.logentry", "pk": 5, "fields": {"action_time": "2023-05-26T14:00:53.579", "user": 1, "content_type": 7, "object_id": "3", "object_repr": "Hassan", "action_flag": 2, "change_message": "[{\"changed\": {\"fields\": [\"Roll\"]}}]"}}, {"model": "admin.logentry", "pk": 6, "fields": {"action_time": "2023-05-26T14:01:24.886", "user": 1, "content_type": 7, "object_id": "4", "object_repr": "Rasel", "action_flag": 1, "change_message": "[{\"added\": {}}]"}}, {"model": "admin.logentry", "pk": 7, "fields": {"action_time": "2023-05-26T14:02:13.643", "user": 1, "content_type": 7, "object_id": "5", "object_repr": "Anu", "action_flag": 1, "change_message": "[{\"added\": {}}]"}}, {"model": "admin.logentry", "pk": 8, "fields": {"action_time": "2023-05-26T14:03:06.259", "user": 1, "content_type": 7, "object_id": "6", "object_repr": "Nabil", "action_flag": 1, "change_message": "[{\"added\": {}}]"}}, {"model": "admin.logentry", "pk": 9, "fields": {"action_time": "2023-05-26T14:04:09.262", "user": 1, "content_type": 7, "object_id": "7", "object_repr": "Jarry", "action_flag": 1, "change_message": "[{\"added\": {}}]"}}, {"model": "admin.logentry", "pk": 10, "fields": {"action_time": "2023-05-26T16:24:14.598", "user": 1, "content_type": 7, "object_id": "4", "object_repr": "Rasel", "action_flag": 2, "change_message": "[{\"changed\": {\"fields\": [\"City\"]}}]"}}, {"model": "admin.logentry", "pk": 11, "fields": {"action_time": "2023-05-26T16:24:26.868", "user": 1, "content_type": 7, "object_id": "3", "object_repr": "Hassan", "action_flag": 2, "change_message": "[{\"changed\": {\"fields\": [\"City\"]}}]"}}, {"model": "admin.logentry", "pk": 12, "fields": {"action_time": "2023-05-26T16:24:39.606", "user": 1, "content_type": 7, "object_id": "2", "object_repr": "Sumilon", "action_flag": 2, "change_message": "[{\"changed\": {\"fields\": [\"City\"]}}]"}}, {"model": "admin.logentry", "pk": 13, "fields": {"action_time": "2023-05-26T17:00:37.224", "user": 1, "content_type": 7, "object_id": "8", "object_repr": "Ratul", "action_flag": 1, "change_message": "[{\"added\": {}}]"}}, {"model": "admin.logentry", "pk": 14, "fields": {"action_time": "2023-05-26T17:01:28.048", "user": 1, "content_type": 7, "object_id": "9", "object_repr": "Rasel", "action_flag": 1, "change_message": "[{\"added\": {}}]"}}, {"model": "admin.logentry", "pk": 15, "fields": {"action_time": "2023-05-26T17:02:49.668", "user": 1, "content_type": 7, "object_id": "10", "object_repr": "Md Sarwar Alam", "action_flag": 1, "change_message": "[{\"added\": {}}]"}}, {"model": "admin.logentry", "pk": 16, "fields": {"action_time": "2023-05-26T17:06:54.071", "user": 1, "content_type": 7, "object_id": "3", "object_repr": "Hassan", "action_flag": 2, "change_message": "[{\"changed\": {\"fields\": [\"Marks\"]}}]"}}, {"model": "admin.logentry", "pk": 17, "fields": {"action_time": "2023-06-12T04:19:32.203", "user": 1, "content_type": 8, "object_id": "1", "object_repr": "Nazmul", "action_flag": 1, "change_message": "[{\"added\": {}}]"}}, {"model": "admin.logentry", "pk": 18, "fields": {"action_time": "2023-06-12T04:20:11.517", "user": 1, "content_type": 8, "object_id": "2", "object_repr": "Md Hassan", "action_flag": 1, "change_message": "[{\"added\": {}}]"}}, {"model": "admin.logentry", "pk": 19, "fields": {"action_time": "2023-06-12T04:20:48.804", "user": 1, "content_type": 8, "object_id": "3", "object_repr": "Md Rakib Hassan", "action_flag": 1, "change_message": "[{\"added\": {}}]"}}, {"model": "admin.logentry", "pk": 20, "fields": {"action_time": "2023-06-12T04:21:32.791", "user": 1, "content_type": 8, "object_id": "4", "object_repr": "Abir", "action_flag": 1, "change_message": "[{\"added\": {}}]"}}, {"model": "admin.logentry", "pk": 21, "fields": {"action_time": "2023-06-12T04:22:27.749", "user": 1, "content_type": 8, "object_id": "5", "object_repr": "Ishak", "action_flag": 1, "change_message": "[{\"added\": {}}]"}}, {"model": "admin.logentry", "pk": 22, "fields": {"action_time": "2023-06-13T03:33:06.735", "user": 1, "content_type": 7, "object_id": "26", "object_repr": "Nisan", "action_flag": 1, "change_message": "[{\"added\": {}}]"}}, {"model": "admin.logentry", "pk": 23, "fields": {"action_time": "2023-06-13T03:33:59.028", "user": 1, "content_type": 8, "object_id": "6", "object_repr": "Nisan", "action_flag": 1, "change_message": "[{\"added\": {}}]"}}, {"model": "admin.logentry", "pk": 24, "fields": {"action_time": "2023-06-13T06:52:15.047", "user": 1, "content_type": 7, "object_id": "511", "object_repr": "junaed", "action_flag": 3, "change_message": ""}}, {"model": "admin.logentry", "pk": 25, "fields": {"action_time": "2023-06-13T06:52:15.078", "user": 1, "content_type": 7, "object_id": "510", "object_repr": "kalam", "action_flag": 3, "change_message": ""}}, {"model": "admin.logentry", "pk": 26, "fields": {"action_time": "2023-06-13T06:52:15.114", "user": 1, "content_type": 7, "object_id": "509", "object_repr": "mojnu", "action_flag": 3, "change_message": ""}}, {"model": "admin.logentry", "pk": 27, "fields": {"action_time": "2023-06-13T06:52:15.148", "user": 1, "content_type": 7, "object_id": "508", "object_repr": "rofik", "action_flag": 3, "change_message": ""}}, {"model": "admin.logentry", "pk": 28, "fields": {"action_time": "2023-06-13T06:52:15.183", "user": 1, "content_type": 7, "object_id": "507", "object_repr": "junaed", "action_flag": 3, "change_message": ""}}, {"model": "admin.logentry", "pk": 29, "fields": {"action_time": "2023-06-13T06:52:15.219", "user": 1, "content_type": 7, "object_id": "506", "object_repr": "kalam", "action_flag": 3, "change_message": ""}}, {"model": "admin.logentry", "pk": 30, "fields": {"action_time": "2023-06-13T06:52:15.252", "user": 1, "content_type": 7, "object_id": "505", "object_repr": "mojnu", "action_flag": 3, "change_message": ""}}, {"model": "admin.logentry", "pk": 31, "fields": {"action_time": "2023-06-13T06:53:46.632", "user": 1, "content_type": 7, "object_id": "516", "object_repr": "rofik", "action_flag": 3, "change_message": ""}}, {"model": "admin.logentry", "pk": 32, "fields": {"action_time": "2023-06-13T06:53:46.687", "user": 1, "content_type": 7, "object_id": "515", "object_repr": "junaed", "action_flag": 3, "change_message": ""}}, {"model": "admin.logentry", "pk": 33, "fields": {"action_time": "2023-06-13T06:53:46.722", "user": 1, "content_type": 7, "object_id": "514", "object_repr": "kalam", "action_flag": 3, "change_message": ""}}, {"model": "admin.logentry", "pk": 34, "fields": {"action_time": "2023-06-13T06:53:46.757", "user": 1, "content_type": 7, "object_id": "513", "object_repr": "mojnu", "action_flag": 3, "change_message": ""}}, {"model": "admin.logentry", "pk": 35, "fields": {"action_time": "2023-06-13T09:42:32.288", "user": 1, "content_type": 7, "object_id": "528", "object_repr": "rofik", "action_flag": 3, "change_message": ""}}, {"model": "admin.logentry", "pk": 36, "fields": {"action_time": "2023-06-13T09:42:32.350", "user": 1, "content_type": 7, "object_id": "527", "object_repr": "junaed", "action_flag": 3, "change_message": ""}}, {"model": "admin.logentry", "pk": 37, "fields": {"action_time": "2023-06-13T09:42:32.385", "user": 1, "content_type": 7, "object_id": "526", "object_repr": "kalam", "action_flag": 3, "change_message": ""}}, {"model": "admin.logentry", "pk": 38, "fields": {"action_time": "2023-06-13T09:42:32.419", "user": 1, "content_type": 7, "object_id": "525", "object_repr": "mojnu", "action_flag": 3, "change_message": ""}}, {"model": "admin.logentry", "pk": 39, "fields": {"action_time": "2023-06-13T09:42:32.454", "user": 1, "content_type": 7, "object_id": "524", "object_repr": "rofik", "action_flag": 3, "change_message": ""}}, {"model": "admin.logentry", "pk": 40, "fields": {"action_time": "2023-06-13T09:42:32.489", "user": 1, "content_type": 7, "object_id": "523", "object_repr": "junaed", "action_flag": 3, "change_message": ""}}, {"model": "admin.logentry", "pk": 41, "fields": {"action_time": "2023-06-13T09:42:32.525", "user": 1, "content_type": 7, "object_id": "522", "object_repr": "kalam", "action_flag": 3, "change_message": ""}}, {"model": "admin.logentry", "pk": 42, "fields": {"action_time": "2023-06-13T09:42:32.560", "user": 1, "content_type": 7, "object_id": "521", "object_repr": "mojnu", "action_flag": 3, "change_message": ""}}, {"model": "admin.logentry", "pk": 43, "fields": {"action_time": "2023-06-13T09:42:32.594", "user": 1, "content_type": 7, "object_id": "520", "object_repr": "rofik", "action_flag": 3, "change_message": ""}}, {"model": "admin.logentry", "pk": 44, "fields": {"action_time": "2023-06-13T09:42:32.628", "user": 1, "content_type": 7, "object_id": "519", "object_repr": "junaed", "action_flag": 3, "change_message": ""}}, {"model": "admin.logentry", "pk": 45, "fields": {"action_time": "2023-06-13T09:42:32.663", "user": 1, "content_type": 7, "object_id": "518", "object_repr": "kalam", "action_flag": 3, "change_message": ""}}, {"model": "admin.logentry", "pk": 46, "fields": {"action_time": "2023-06-13T09:42:32.697", "user": 1, "content_type": 7, "object_id": "517", "object_repr": "mojnu", "action_flag": 3, "change_message": ""}}, {"model": "admin.logentry", "pk": 47, "fields": {"action_time": "2023-06-13T09:42:32.731", "user": 1, "content_type": 7, "object_id": "504", "object_repr": "Rahim", "action_flag": 3, "change_message": ""}}, {"model": "admin.logentry", "pk": 48, "fields": {"action_time": "2023-06-13T09:42:32.767", "user": 1, "content_type": 7, "object_id": "503", "object_repr": "Mahide", "action_flag": 3, "change_message": ""}}, {"model": "admin.logentry", "pk": 49, "fields": {"action_time": "2023-06-13T09:42:32.801", "user": 1, "content_type": 7, "object_id": "502", "object_repr": "Maton", "action_flag": 3, "change_message": ""}}, {"model": "admin.logentry", "pk": 50, "fields": {"action_time": "2023-06-13T09:42:32.837", "user": 1, "content_type": 7, "object_id": "35", "object_repr": "Abu Bokkor", "action_flag": 3, "change_message": ""}}, {"model": "admin.logentry", "pk": 51, "fields": {"action_time": "2023-06-13T09:42:32.872", "user": 1, "content_type": 7, "object_id": "34", "object_repr": "Md Hassan Ali", "action_flag": 3, "change_message": ""}}, {"model": "admin.logentry", "pk": 52, "fields": {"action_time": "2023-06-13T09:42:32.906", "user": 1, "content_type": 7, "object_id": "33", "object_repr": "Md Rakib Hassan", "action_flag": 3, "change_message": ""}}, {"model": "admin.logentry", "pk": 53, "fields": {"action_time": "2023-06-13T09:42:32.940", "user": 1, "content_type": 7, "object_id": "32", "object_repr": "Olga Cameron", "action_flag": 3, "change_message": ""}}, {"model": "admin.logentry", "pk": 54, "fields": {"action_time": "2023-06-13T09:42:33.065", "user": 1, "content_type": 7, "object_id": "31", "object_repr": "Manan", "action_flag": 3, "change_message": ""}}, {"model": "admin.logentry", "pk": 55, "fields": {"action_time": "2023-06-13T09:42:33.099", "user": 1, "content_type": 7, "object_id": "27", "object_repr": "Joy", "action_flag": 3, "change_message": ""}}, {"model": "admin.logentry", "pk": 56, "fields": {"action_time": "2023-06-13T09:42:33.133", "user": 1, "content_type": 7, "object_id": "26", "object_repr": "Nisan", "action_flag": 3, "change_message": ""}}, {"model": "admin.logentry", "pk": 57, "fields": {"action_time": "2023-06-13T09:43:40.195", "user": 1, "content_type": 7, "object_id": "1", "object_repr": "Md Rakib Hassan", "action_flag": 2, "change_message": "[{\"changed\": {\"fields\": [\"Result\", \"Gread\"]}}]"}}, {"model": "admin.logentry", "pk": 58, "fields": {"action_time": "2023-06-13T09:43:56.244", "user": 1, "content_type": 7, "object_id": "21", "object_repr": "Sadik", "action_flag": 2, "change_message": "[{\"changed\": {\"fields\": [\"Result\", \"Gread\"]}}]"}}, {"model": "admin.logentry", "pk": 59, "fields": {"action_time": "2023-06-13T09:44:03.435", "user": 1, "content_type": 7, "object_id": "20", "object_repr": "Md Shahjahan Mia", "action_flag": 2, "change_message": "[{\"changed\": {\"fields\": [\"Result\", \"Gread\"]}}]"}}, {"model": "admin.logentry", "pk": 60, "fields": {"action_time": "2023-06-13T09:44:10.754", "user": 1, "content_type": 7, "object_id": "19", "object_repr": "Md Hassan", "action_flag": 2, "change_message": "[{\"changed\": {\"fields\": [\"Result\", \"Gread\"]}}]"}}, {"model": "admin.logentry", "pk": 61, "fields": {"action_time": "2023-06-13T09:44:21.881", "user": 1, "content_type": 7, "object_id": "17", "object_repr": "Siddek", "action_flag": 2, "change_message": "[{\"changed\": {\"fields\": [\"Result\", \"Gread\"]}}]"}}, {"model": "admin.logentry", "pk": 62, "fields": {"action_time": "2023-06-13T09:44:30.615", "user": 1, "content_type": 7, "object_id": "16", "object_repr": "Monju", "action_flag": 2, "change_message": "[{\"changed\": {\"fields\": [\"Result\", \"Gread\"]}}]"}}, {"model": "admin.logentry", "pk": 63, "fields": {"action_time": "2023-06-13T09:44:42.939", "user": 1, "content_type": 7, "object_id": "11", "object_repr": "iOpu", "action_flag": 2, "change_message": "[{\"changed\": {\"fields\": [\"Result\", \"Gread\"]}}]"}}, {"model": "admin.logentry", "pk": 64, "fields": {"action_time": "2023-06-13T09:45:02.242", "user": 1, "content_type": 7, "object_id": "10", "object_repr": "Md Sarwar Alam", "action_flag": 2, "change_message": "[{\"changed\": {\"fields\": [\"Result\", \"Gread\"]}}]"}}, {"model": "admin.logentry", "pk": 65, "fields": {"action_time": "2023-06-13T09:45:14.407", "user": 1, "content_type": 7, "object_id": "9", "object_repr": "Md Hassan Ali", "action_flag": 2, "change_message": "[{\"changed\": {\"fields\": [\"Result\", \"Gread\"]}}]"}}, {"model": "admin.logentry", "pk": 66, "fields": {"action_time": "2023-06-13T09:45:22.485", "user": 1, "content_type": 7, "object_id": "8", "object_repr": "Ratul", "action_flag": 2, "change_message": "[{\"changed\": {\"fields\": [\"Result\", \"Gread\"]}}]"}}, {"model": "admin.logentry", "pk": 67, "fields": {"action_time": "2023-06-13T09:45:31.144", "user": 1, "content_type": 7, "object_id": "7", "object_repr": "Jarry", "action_flag": 2, "change_message": "[{\"changed\": {\"fields\": [\"Result\", \"Gread\"]}}]"}}, {"model": "admin.logentry", "pk": 68, "fields": {"action_time": "2023-06-13T09:45:41.777", "user": 1, "content_type": 7, "object_id": "6", "object_repr": "Nabil", "action_flag": 2, "change_message": "[{\"changed\": {\"fields\": [\"Result\", \"Gread\"]}}]"}}, {"model": "admin.logentry", "pk": 69, "fields": {"action_time": "2023-06-13T09:45:59.989", "user": 1, "content_type": 7, "object_id": "5", "object_repr": "Anu Ontora", "action_flag": 2, "change_message": "[{\"changed\": {\"fields\": [\"Marks\", \"Result\", \"Gread\"]}}]"}}, {"model": "admin.logentry", "pk": 70, "fields": {"action_time": "2023-06-13T09:46:08.045", "user": 1, "content_type": 7, "object_id": "4", "object_repr": "Md Rasel", "action_flag": 2, "change_message": "[{\"changed\": {\"fields\": [\"Result\", \"Gread\"]}}]"}}, {"model": "admin.logentry", "pk": 71, "fields": {"action_time": "2023-06-13T09:46:15.333", "user": 1, "content_type": 7, "object_id": "3", "object_repr": "Md Hassan", "action_flag": 2, "change_message": "[{\"changed\": {\"fields\": [\"Result\", \"Gread\"]}}]"}}, {"model": "admin.logentry", "pk": 72, "fields": {"action_time": "2023-06-13T09:47:17.143", "user": 1, "content_type": 7, "object_id": "9", "object_repr": "Md Hassan Ali", "action_flag": 2, "change_message": "[{\"changed\": {\"fields\": [\"Roll\"]}}]"}}, {"model": "admin.logentry", "pk": 73, "fields": {"action_time": "2023-06-13T09:47:37.968", "user": 1, "content_type": 7, "object_id": "20", "object_repr": "Md Shahjahan Mia", "action_flag": 2, "change_message": "[{\"changed\": {\"fields\": [\"Roll\"]}}]"}}, {"model": "admin.logentry", "pk": 74, "fields": {"action_time": "2023-06-13T09:47:45.064", "user": 1, "content_type": 7, "object_id": "21", "object_repr": "Sadik", "action_flag": 2, "change_message": "[{\"changed\": {\"fields\": [\"Roll\"]}}]"}}, {"model": "admin.logentry", "pk": 75, "fields": {"action_time": "2023-06-13T15:49:15.247", "user": 1, "content_type": 7, "object_id": "530", "object_repr": "Chester Manning", "action_flag": 3, "change_message": ""}}, {"model": "admin.logentry", "pk": 76, "fields": {"action_time": "2023-06-13T15:49:15.301", "user": 1, "content_type": 7, "object_id": "529", "object_repr": "Yuri Boyer", "action_flag": 3, "change_message": ""}}, {"model": "admin.logentry", "pk": 77, "fields": {"action_time": "2023-06-13T16:03:27.904", "user": 1, "content_type": 7, "object_id": "532", "object_repr": "Velma Baldwin", "action_flag": 3, "change_message": ""}}, {"model": "admin.logentry", "pk": 78, "fields": {"action_time": "2023-06-13T16:04:44.288", "user": 1, "content_type": 7, "object_id": "533", "object_repr": "Ingrid Berger", "action_flag": 3, "change_message": ""}}, {"model": "admin.logentry", "pk": 79, "fields": {"action_time": "2023-06-13T16:47:58.484", "user": 1, "content_type": 7, "object_id": "536", "object_repr": "Wade Berger", "action_flag": 3, "change_message": ""}}, {"model": "admin.logentry", "pk": 80, "fields": {"action_time": "2023-06-13T16:47:58.547", "user": 1, "content_type": 7, "object_id": "535", "object_repr": "Tatiana Rogers", "action_flag": 3, "change_message": ""}}, {"model": "admin.logentry", "pk": 81, "fields": {"action_time": "2023-06-13T16:48:57.430", "user": 1, "content_type": 7, "object_id": "537", "object_repr": "Diana Kerr", "action_flag": 2, "change_message": "[{\"changed\": {\"fields\": [\"Result\"]}}]"}}, {"model": "admin.logentry", "pk": 82, "fields": {"action_time": "2023-06-14T12:38:30.298", "user": 1, "content_type": 7, "object_id": "7", "object_repr": "Jarry", "action_flag": 2, "change_message": "[{\"changed\": {\"fields\": [\"Marks\", \"Result\", \"Gread\"]}}]"}}, {"model": "admin.logentry", "pk": 83, "fields": {"action_time": "2023-06-14T12:50:47.780", "user": 1, "content_type": 8, "object_id": "6", "object_repr": "Nisan", "action_flag": 3, "change_message": ""}}, {"model": "admin.logentry", "pk": 84, "fields": {"action_time": "2023-06-14T12:50:47.926", "user": 1, "content_type": 8, "object_id": "5", "object_repr": "Ishak", "action_flag": 3, "change_message": ""}}, {"model": "admin.logentry", "pk": 85, "fields": {"action_time": "2023-06-14T12:50:47.960", "user": 1, "content_type": 8, "object_id": "4", "object_repr": "Abir", "action_flag": 3, "change_message": ""}}, {"model": "admin.logentry", "pk": 86, "fields": {"action_time": "2023-06-14T12:50:47.995", "user": 1, "content_type": 8, "object_id": "3", "object_repr": "Md Rakib Hassan", "action_flag": 3, "change_message": ""}}, {"model": "admin.logentry", "pk": 87, "fields": {"action_time": "2023-06-14T12:50:48.030", "user": 1, "content_type": 8, "object_id": "2", "object_repr": "Md Hassan", "action_flag": 3, "change_message": ""}}, {"model": "admin.logentry", "pk": 88, "fields": {"action_time": "2023-06-14T12:50:48.064", "user": 1, "content_type": 8, "object_id": "1", "object_repr": "Nazmul", "action_flag": 3, "change_message": ""}}, {"model": "admin.logentry", "pk": 89, "fields": {"action_time": "2023-06-14T12:53:20.312", "user": 1, "content_type": 8, "object_id": "1", "object_repr": "Nazmul", "action_flag": 1, "change_message": "[{\"added\": {}}]"}}, {"model": "admin.logentry", "pk": 90, "fields": {"action_time": "2023-06-14T12:54:27.903", "user": 1, "content_type": 8, "object_id": "2", "object_repr": "Md Hassan", "action_flag": 1, "change_message": "[{\"added\": {}}]"}}, {"model": "admin.logentry", "pk": 91, "fields": {"action_time": "2023-06-14T12:55:34.210", "user": 1, "content_type": 8, "object_id": "3", "object_repr": "Md Rakib Hassan", "action_flag": 1, "change_message": "[{\"added\": {}}]"}}, {"model": "admin.logentry", "pk": 92, "fields": {"action_time": "2023-06-14T12:56:37.372", "user": 1, "content_type": 8, "object_id": "4", "object_repr": "Abir", "action_flag": 1, "change_message": "[{\"added\": {}}]"}}, {"model": "admin.logentry", "pk": 93, "fields": {"action_time": "2023-06-14T12:56:57.299", "user": 1, "content_type": 8, "object_id": "4", "object_repr": "Abir", "action_flag": 2, "change_message": "[{\"changed\": {\"fields\": [\"Join\"]}}]"}}, {"model": "admin.logentry", "pk": 94, "fields": {"action_time": "2023-06-14T12:57:42.899", "user": 1, "content_type": 8, "object_id": "5", "object_repr": "Ishak", "action_flag": 1, "change_message": "[{\"added\": {}}]"}}, {"model": "admin.logentry", "pk": 95, "fields": {"action_time": "2023-06-14T12:58:32.619", "user": 1, "content_type": 8, "object_id": "6", "object_repr": "Nisan", "action_flag": 1, "change_message": "[{\"added\": {}}]"}}, {"model": "admin.logentry", "pk": 96, "fields": {"action_time": "2023-06-14T13:50:53.234", "user": 1, "content_type": 7, "object_id": "547", "object_repr": "abc", "action_flag": 1, "change_message": "[{\"added\": {}}]"}}, {"model": "admin.logentry", "pk": 97, "fields": {"action_time": "2023-06-15T10:33:28.459", "user": 1, "content_type": 9, "object_id": "1", "object_repr": "Mr Rakib", "action_flag": 1, "change_message": "[{\"added\": {}}]"}}, {"model": "admin.logentry", "pk": 98, "fields": {"action_time": "2023-06-15T10:33:39.914", "user": 1, "content_type": 9, "object_id": "2", "object_repr": "Md Hassan", "action_flag": 1, "change_message": "[{\"added\": {}}]"}}, {"model": "admin.logentry", "pk": 99, "fields": {"action_time": "2023-06-15T10:33:54.281", "user": 1, "content_type": 9, "object_id": "3", "object_repr": "Md Rasel", "action_flag": 1, "change_message": "[{\"added\": {}}]"}}, {"model": "admin.logentry", "pk": 100, "fields": {"action_time": "2023-06-15T10:34:25.242", "user": 1, "content_type": 11, "object_id": "1", "object_repr": "Sumilon Store", "action_flag": 1, "change_message": "[{\"added\": {}}]"}}, {"model": "admin.logentry", "pk": 101, "fields": {"action_time": "2023-06-15T10:35:12.898", "user": 1, "content_type": 11, "object_id": "2", "object_repr": "Mou Book House", "action_flag": 1, "change_message": "[{\"added\": {}}]"}}, {"model": "admin.logentry", "pk": 102, "fields": {"action_time": "2023-06-15T10:35:46.959", "user": 1, "content_type": 11, "object_id": "3", "object_repr": "Anu Book House", "action_flag": 1, "change_message": "[{\"added\": {}}]"}}, {"model": "admin.logentry", "pk": 103, "fields": {"action_time": "2023-06-15T10:37:35.798", "user": 1, "content_type": 10, "object_id": "1", "object_repr": "Tor Preme Ami Ondo", "action_flag": 1, "change_message": "[{\"added\": {}}]"}}, {"model": "admin.logentry", "pk": 104, "fields": {"action_time": "2023-06-15T10:39:13.912", "user": 1, "content_type": 10, "object_id": "2", "object_repr": "Kalidesh Prem Kahini", "action_flag": 1, "change_message": "[{\"added\": {}}]"}}, {"model": "admin.logentry", "pk": 105, "fields": {"action_time": "2023-06-15T10:39:37.666", "user": 1, "content_type": 9, "object_id": "4", "object_repr": "Biswas", "action_flag": 1, "change_message": "[{\"added\": {}}]"}}, {"model": "admin.logentry", "pk": 106, "fields": {"action_time": "2023-06-15T10:41:39.269", "user": 1, "content_type": 10, "object_id": "3", "object_repr": "Biar Peray Ami Finish", "action_flag": 1, "change_message": "[{\"added\": {}}]"}}, {"model": "admin.logentry", "pk": 107, "fields": {"action_time": "2023-06-15T10:43:11.168", "user": 1, "content_type": 12, "object_id": "1", "object_repr": "Onupom", "action_flag": 1, "change_message": "[{\"added\": {}}]"}}, {"model": "admin.logentry", "pk": 108, "fields": {"action_time": "2023-06-15T10:43:41.209", "user": 1, "content_type": 12, "object_id": "2", "object_repr": "Pangary", "action_flag": 1, "change_message": "[{\"added\": {}}]"}}, {"model": "admin.logentry", "pk": 109, "fields": {"action_time": "2023-06-15T10:45:17.074", "user": 1, "content_type": 12, "object_id": "1", "object_repr": "Onupom", "action_flag": 2, "change_message": "[{\"changed\": {\"fields\": [\"Books\"]}}]"}}, {"model": "admin.logentry", "pk": 110, "fields": {"action_time": "2023-06-15T10:45:28.778", "user": 1, "content_type": 12, "object_id": "2", "object_repr": "Pangary", "action_flag": 2, "change_message": "[{\"changed\": {\"fields\": [\"Books\"]}}]"}}, {"model": "admin.logentry", "pk": 111, "fields": {"action_time": "2023-06-15T10:52:43.401", "user": 1, "content_type": 10, "object_id": "4", "object_repr": "Ontora Tumi Amar", "action_flag": 1, "change_message": "[{\"added\": {}}]"}}, {"model": "admin.logentry", "pk": 112, "fields": {"action_time": "2023-06-15T13:03:31.821", "user": 1, "content_type": 10, "object_id": "5", "object_repr": "Prem er eti kotha", "action_flag": 1, "change_message": "[{\"added\": {}}]"}}, {"model": "admin.logentry", "pk": 113, "fields": {"action_time": "2023-06-15T13:04:34.675", "user": 1, "content_type": 10, "object_id": "6", "object_repr": "Python", "action_flag": 1, "change_message": "[{\"added\": {}}]"}}, {"model": "admin.logentry", "pk": 114, "fields": {"action_time": "2023-06-15T13:24:52.931", "user": 1, "content_type": 10, "object_id": "6", "object_repr": "Python", "action_flag": 2, "change_message": "[{\"changed\": {\"fields\": [\"Rating\"]}}]"}}, {"model": "admin.logentry", "pk": 115, "fields": {"action_time": "2023-06-15T13:25:06.008", "user": 1, "content_type": 10, "object_id": "4", "object_repr": "Ontora Tumi Amar", "action_flag": 2, "change_message": "[{\"changed\": {\"fields\": [\"Rating\"]}}]"}}, {"model": "admin.logentry", "pk": 116, "fields": {"action_time": "2023-06-15T13:25:15.510", "user": 1, "content_type": 10, "object_id": "2", "object_repr": "Kalidesh Prem Kahini", "action_flag": 2, "change_message": "[{\"changed\": {\"fields\": [\"Rating\"]}}]"}}, {"model": "admin.logentry", "pk": 117, "fields": {"action_time": "2023-06-15T13:25:39.843", "user": 1, "content_type": 10, "object_id": "1", "object_repr": "Tor Preme Ami Ondo", "action_flag": 2, "change_message": "[{\"changed\": {\"fields\": [\"Rating\"]}}]"}}, {"model": "admin.logentry", "pk": 118, "fields": {"action_time": "2023-06-15T13:25:46.024", "user": 1, "content_type": 10, "object_id": "3", "object_repr": "Biar Peray Ami Finish", "action_flag": 2, "change_message": "[{\"changed\": {\"fields\": [\"Rating\"]}}]"}}, {"model": "admin.logentry", "pk": 119, "fields": {"action_time": "2023-06-15T13:25:50.792", "user": 1, "content_type": 10, "object_id": "5", "object_repr": "Prem er eti kotha", "action_flag": 2, "change_message": "[]"}}, {"model": "admin.logentry", "pk": 120, "fields": {"action_time": "2023-06-15T13:25:58.997", "user": 1, "content_type": 10, "object_id": "5", "object_repr": "Prem er eti kotha", "action_flag": 2, "change_message": "[{\"changed\": {\"fields\": [\"Rating\"]}}]"}}, {"model": "admin.logentry", "pk": 121, "fields": {"action_time": "2023-06-17T11:37:36.068", "user": 1, "content_type": 10, "object_id": "1", "object_repr": "Tor Preme Ami Ondo", "action_flag": 2, "change_message": "[{\"changed\": {\"fields\": [\"Authors\"]}}]"}}, {"model": "admin.logentry", "pk": 122, "fields": {"action_time": "2023-06-17T11:38:25.321", "user": 1, "content_type": 11, "object_id": "3", "object_repr": "Pangary Book House", "action_flag": 2, "change_message": "[{\"changed\": {\"fields\": [\"Name\"]}}]"}}, {"model": "admin.logentry", "pk": 123, "fields": {"action_time": "2023-06-17T11:38:38.616", "user": 1, "content_type": 11, "object_id": "2", "object_repr": "Jupiter Book House", "action_flag": 2, "change_message": "[{\"changed\": {\"fields\": [\"Name\"]}}]"}}, {"model": "admin.logentry", "pk": 124, "fields": {"action_time": "2023-06-17T11:38:56.368", "user": 1, "content_type": 11, "object_id": "1", "object_repr": "Onupom Book House", "action_flag": 2, "change_message": "[{\"changed\": {\"fields\": [\"Name\"]}}]"}}, {"model": "admin.logentry", "pk": 125, "fields": {"action_time": "2023-06-17T11:39:34.733", "user": 1, "content_type": 11, "object_id": "4", "object_repr": "Khairul Book House", "action_flag": 1, "change_message": "[{\"added\": {}}]"}}, {"model": "admin.logentry", "pk": 126, "fields": {"action_time": "2023-06-17T11:39:47.992", "user": 1, "content_type": 11, "object_id": "5", "object_repr": "Mp3 Book House", "action_flag": 1, "change_message": "[{\"added\": {}}]"}}, {"model": "admin.logentry", "pk": 127, "fields": {"action_time": "2023-06-17T11:40:06.848", "user": 1, "content_type": 9, "object_id": "5", "object_repr": "Tanin", "action_flag": 1, "change_message": "[{\"added\": {}}]"}}, {"model": "admin.logentry", "pk": 128, "fields": {"action_time": "2023-06-17T11:40:06.911", "user": 1, "content_type": 9, "object_id": "6", "object_repr": "Tanin", "action_flag": 1, "change_message": "[{\"added\": {}}]"}}, {"model": "admin.logentry", "pk": 129, "fields": {"action_time": "2023-06-17T11:40:21.761", "user": 1, "content_type": 9, "object_id": "7", "object_repr": "Nanin", "action_flag": 1, "change_message": "[{\"added\": {}}]"}}, {"model": "admin.logentry", "pk": 130, "fields": {"action_time": "2023-06-17T11:40:39.842", "user": 1, "content_type": 9, "object_id": "8", "object_repr": "Rijon", "action_flag": 1, "change_message": "[{\"added\": {}}]"}}, {"model": "admin.logentry", "pk": 131, "fields": {"action_time": "2023-06-17T11:41:11.245", "user": 1, "content_type": 12, "object_id": "2", "object_repr": "Bangla Bazar", "action_flag": 2, "change_message": "[{\"changed\": {\"fields\": [\"Name\"]}}]"}}, {"model": "admin.logentry", "pk": 132, "fields": {"action_time": "2023-06-17T11:41:24.343", "user": 1, "content_type": 12, "object_id": "1", "object_repr": "Nilkhet", "action_flag": 2, "change_message": "[{\"changed\": {\"fields\": [\"Name\"]}}]"}}, {"model": "admin.logentry", "pk": 133, "fields": {"action_time": "2023-06-17T11:41:55.092", "user": 1, "content_type": 12, "object_id": "3", "object_repr": "Hajigong", "action_flag": 1, "change_message": "[{\"added\": {}}]"}}, {"model": "admin.logentry", "pk": 134, "fields": {"action_time": "2023-06-17T11:42:40.126", "user": 1, "content_type": 10, "object_id": "5", "object_repr": "Django and Rest API", "action_flag": 2, "change_message": "[{\"changed\": {\"fields\": [\"Authors\", \"Name\"]}}]"}}, {"model": "admin.logentry", "pk": 135, "fields": {"action_time": "2023-06-17T11:42:40.573", "user": 1, "content_type": 10, "object_id": "5", "object_repr": "Django and Rest API", "action_flag": 2, "change_message": "[]"}}, {"model": "admin.logentry", "pk": 136, "fields": {"action_time": "2023-06-17T11:43:32.724", "user": 1, "content_type": 10, "object_id": "4", "object_repr": "Discrete Mathematics", "action_flag": 2, "change_message": "[{\"changed\": {\"fields\": [\"Authors\", \"Name\"]}}]"}}, {"model": "admin.logentry", "pk": 137, "fields": {"action_time": "2023-06-17T11:43:59.774", "user": 1, "content_type": 10, "object_id": "3", "object_repr": "Data Structure", "action_flag": 2, "change_message": "[{\"changed\": {\"fields\": [\"Authors\", \"Name\"]}}]"}}, {"model": "admin.logentry", "pk": 138, "fields": {"action_time": "2023-06-17T11:44:14.831", "user": 1, "content_type": 10, "object_id": "3", "object_repr": "Data Structure", "action_flag": 2, "change_message": "[]"}}, {"model": "admin.logentry", "pk": 139, "fields": {"action_time": "2023-06-17T11:44:53.644", "user": 1, "content_type": 10, "object_id": "2", "object_repr": "C Programming", "action_flag": 2, "change_message": "[{\"changed\": {\"fields\": [\"Authors\", \"Name\"]}}]"}}, {"model": "admin.logentry", "pk": 140, "fields": {"action_time": "2023-06-17T11:45:29.444", "user": 1, "content_type": 10, "object_id": "1", "object_repr": "C++ Easy Learn", "action_flag": 2, "change_message": "[{\"changed\": {\"fields\": [\"Authors\", \"Name\"]}}]"}}, {"model": "admin.logentry", "pk": 141, "fields": {"action_time": "2023-06-17T11:47:02.068", "user": 1, "content_type": 10, "object_id": "7", "object_repr": "Bank Math Easy Solution", "action_flag": 1, "change_message": "[{\"added\": {}}]"}}, {"model": "admin.logentry", "pk": 142, "fields": {"action_time": "2023-06-17T11:48:04.380", "user": 1, "content_type": 10, "object_id": "8", "object_repr": "Bangladesh View", "action_flag": 1, "change_message": "[{\"added\": {}}]"}}, {"model": "admin.logentry", "pk": 143, "fields": {"action_time": "2023-06-17T11:48:04.818", "user": 1, "content_type": 10, "object_id": "9", "object_repr": "Bangladesh View", "action_flag": 1, "change_message": "[{\"added\": {}}]"}}, {"model": "admin.logentry", "pk": 144, "fields": {"action_time": "2023-06-18T10:26:42.796", "user": 1, "content_type": 10, "object_id": "5", "object_repr": "Django and Rest API", "action_flag": 2, "change_message": "[{\"changed\": {\"fields\": [\"Authors\"]}}]"}}, {"model": "admin.logentry", "pk": 145, "fields": {"action_time": "2023-06-18T10:54:30.514", "user": 1, "content_type": 10, "object_id": "5", "object_repr": "Django and Rest API", "action_flag": 2, "change_message": "[{\"changed\": {\"fields\": [\"Authors\"]}}]"}}, {"model": "admin.logentry", "pk": 146, "fields": {"action_time": "2023-06-18T10:57:00.239", "user": 1, "content_type": 9, "object_id": "9", "object_repr": "a", "action_flag": 1, "change_message": "[{\"added\": {}}]"}}, {"model": "admin.logentry", "pk": 147, "fields": {"action_time": "2023-06-18T10:57:05.966", "user": 1, "content_type": 9, "object_id": "10", "object_repr": "b", "action_flag": 1, "change_message": "[{\"added\": {}}]"}}, {"model": "admin.logentry", "pk": 148, "fields": {"action_time": "2023-06-18T10:57:30.694", "user": 1, "content_type": 10, "object_id": "10", "object_repr": "x", "action_flag": 1, "change_message": "[{\"added\": {}}]"}}, {"model": "admin.logentry", "pk": 149, "fields": {"action_time": "2023-06-18T11:06:57.872", "user": 1, "content_type": 10, "object_id": "6", "object_repr": "Python", "action_flag": 2, "change_message": "[{\"changed\": {\"fields\": [\"Authors\"]}}]"}}, {"model": "admin.logentry", "pk": 150, "fields": {"action_time": "2023-06-18T11:15:52.430", "user": 1, "content_type": 9, "object_id": "11", "object_repr": "c", "action_flag": 1, "change_message": "[{\"added\": {}}]"}}, {"model": "admin.logentry", "pk": 151, "fields": {"action_time": "2023-06-18T11:16:25.441", "user": 1, "content_type": 10, "object_id": "11", "object_repr": "y", "action_flag": 1, "change_message": "[{\"added\": {}}]"}}, {"model": "admin.logentry", "pk": 152, "fields": {"action_time": "2023-06-18T14:37:33.481", "user": 1, "content_type": 10, "object_id": "12", "object_repr": "SQL Query", "action_flag": 1, "change_message": "[{\"added\": {}}]"}}, {"model": "admin.logentry", "pk": 153, "fields": {"action_time": "2023-06-19T08:44:38.863", "user": 1, "content_type": 10, "object_id": "2", "object_repr": "C Programming", "action_flag": 2, "change_message": "[{\"changed\": {\"fields\": [\"Authors\"]}}]"}}, {"model": "admin.logentry", "pk": 154, "fields": {"action_time": "2023-06-19T08:47:38.077", "user": 1, "content_type": 9, "object_id": "5", "object_repr": "Tanin", "action_flag": 3, "change_message": ""}}, {"model": "admin.logentry", "pk": 155, "fields": {"action_time": "2023-06-19T08:57:50.496", "user": 1, "content_type": 10, "object_id": "12", "object_repr": "z", "action_flag": 2, "change_message": "[{\"changed\": {\"fields\": [\"Name\"]}}]"}}, {"model": "admin.logentry", "pk": 156, "fields": {"action_time": "2023-06-19T10:13:13.400", "user": 1, "content_type": 10, "object_id": "13", "object_repr": "Python Easy", "action_flag": 1, "change_message": "[{\"added\": {}}]"}}, {"model": "admin.logentry", "pk": 157, "fields": {"action_time": "2023-06-19T10:14:38.216", "user": 1, "content_type": 10, "object_id": "14", "object_repr": "2 Week Python Learn", "action_flag": 1, "change_message": "[{\"added\": {}}]"}}, {"model": "admin.logentry", "pk": 158, "fields": {"action_time": "2023-06-19T10:21:40.775", "user": 1, "content_type": 10, "object_id": "14", "object_repr": "2 Week Python Learn", "action_flag": 2, "change_message": "[{\"changed\": {\"fields\": [\"Price\"]}}]"}}, {"model": "admin.logentry", "pk": 159, "fields": {"action_time": "2023-06-19T11:06:59.718", "user": 1, "content_type": 7, "object_id": "540", "object_repr": "Md Rakib", "action_flag": 2, "change_message": "[{\"changed\": {\"fields\": [\"City\"]}}]"}}, {"model": "auth.permission", "pk": 1, "fields": {"name": "Can add log entry", "content_type": 1, "codename": "add_logentry"}}, {"model": "auth.permission", "pk": 2, "fields": {"name": "Can change log entry", "content_type": 1, "codename": "change_logentry"}}, {"model": "auth.permission", "pk": 3, "fields": {"name": "Can delete log entry", "content_type": 1, "codename": "delete_logentry"}}, {"model": "auth.permission", "pk": 4, "fields": {"name": "Can view log entry", "content_type": 1, "codename": "view_logentry"}}, {"model": "auth.permission", "pk": 5, "fields": {"name": "Can add permission", "content_type": 2, "codename": "add_permission"}}, {"model": "auth.permission", "pk": 6, "fields": {"name": "Can change permission", "content_type": 2, "codename": "change_permission"}}, {"model": "auth.permission", "pk": 7, "fields": {"name": "Can delete permission", "content_type": 2, "codename": "delete_permission"}}, {"model": "auth.permission", "pk": 8, "fields": {"name": "Can view permission", "content_type": 2, "codename": "view_permission"}}, {"model": "auth.permission", "pk": 9, "fields": {"name": "Can add group", "content_type": 3, "codename": "add_group"}}, {"model": "auth.permission", "pk": 10, "fields": {"name": "Can change group", "content_type": 3, "codename": "change_group"}}, {"model": "auth.permission", "pk": 11, "fields": {"name": "Can delete group", "content_type": 3, "codename": "delete_group"}}, {"model": "auth.permission", "pk": 12, "fields": {"name": "Can view group", "content_type": 3, "codename": "view_group"}}, {"model": "auth.permission", "pk": 13, "fields": {"name": "Can add user", "content_type": 4, "codename": "add_user"}}, {"model": "auth.permission", "pk": 14, "fields": {"name": "Can change user", "content_type": 4, "codename": "change_user"}}, {"model": "auth.permission", "pk": 15, "fields": {"name": "Can delete user", "content_type": 4, "codename": "delete_user"}}, {"model": "auth.permission", "pk": 16, "fields": {"name": "Can view user", "content_type": 4, "codename": "view_user"}}, {"model": "auth.permission", "pk": 17, "fields": {"name": "Can add content type", "content_type": 5, "codename": "add_contenttype"}}, {"model": "auth.permission", "pk": 18, "fields": {"name": "Can change content type", "content_type": 5, "codename": "change_contenttype"}}, {"model": "auth.permission", "pk": 19, "fields": {"name": "Can delete content type", "content_type": 5, "codename": "delete_contenttype"}}, {"model": "auth.permission", "pk": 20, "fields": {"name": "Can view content type", "content_type": 5, "codename": "view_contenttype"}}, {"model": "auth.permission", "pk": 21, "fields": {"name": "Can add session", "content_type": 6, "codename": "add_session"}}, {"model": "auth.permission", "pk": 22, "fields": {"name": "Can change session", "content_type": 6, "codename": "change_session"}}, {"model": "auth.permission", "pk": 23, "fields": {"name": "Can delete session", "content_type": 6, "codename": "delete_session"}}, {"model": "auth.permission", "pk": 24, "fields": {"name": "Can view session", "content_type": 6, "codename": "view_session"}}, {"model": "auth.permission", "pk": 25, "fields": {"name": "Can add student", "content_type": 7, "codename": "add_student"}}, {"model": "auth.permission", "pk": 26, "fields": {"name": "Can change student", "content_type": 7, "codename": "change_student"}}, {"model": "auth.permission", "pk": 27, "fields": {"name": "Can delete student", "content_type": 7, "codename": "delete_student"}}, {"model": "auth.permission", "pk": 28, "fields": {"name": "Can view student", "content_type": 7, "codename": "view_student"}}, {"model": "auth.permission", "pk": 29, "fields": {"name": "Can add teacher", "content_type": 8, "codename": "add_teacher"}}, {"model": "auth.permission", "pk": 30, "fields": {"name": "Can change teacher", "content_type": 8, "codename": "change_teacher"}}, {"model": "auth.permission", "pk": 31, "fields": {"name": "Can delete teacher", "content_type": 8, "codename": "delete_teacher"}}, {"model": "auth.permission", "pk": 32, "fields": {"name": "Can view teacher", "content_type": 8, "codename": "view_teacher"}}, {"model": "auth.permission", "pk": 33, "fields": {"name": "Can add author", "content_type": 9, "codename": "add_author"}}, {"model": "auth.permission", "pk": 34, "fields": {"name": "Can change author", "content_type": 9, "codename": "change_author"}}, {"model": "auth.permission", "pk": 35, "fields": {"name": "Can delete author", "content_type": 9, "codename": "delete_author"}}, {"model": "auth.permission", "pk": 36, "fields": {"name": "Can view author", "content_type": 9, "codename": "view_author"}}, {"model": "auth.permission", "pk": 37, "fields": {"name": "Can add book", "content_type": 10, "codename": "add_book"}}, {"model": "auth.permission", "pk": 38, "fields": {"name": "Can change book", "content_type": 10, "codename": "change_book"}}, {"model": "auth.permission", "pk": 39, "fields": {"name": "Can delete book", "content_type": 10, "codename": "delete_book"}}, {"model": "auth.permission", "pk": 40, "fields": {"name": "Can view book", "content_type": 10, "codename": "view_book"}}, {"model": "auth.permission", "pk": 41, "fields": {"name": "Can add publisher", "content_type": 11, "codename": "add_publisher"}}, {"model": "auth.permission", "pk": 42, "fields": {"name": "Can change publisher", "content_type": 11, "codename": "change_publisher"}}, {"model": "auth.permission", "pk": 43, "fields": {"name": "Can delete publisher", "content_type": 11, "codename": "delete_publisher"}}, {"model": "auth.permission", "pk": 44, "fields": {"name": "Can view publisher", "content_type": 11, "codename": "view_publisher"}}, {"model": "auth.permission", "pk": 45, "fields": {"name": "Can add store", "content_type": 12, "codename": "add_store"}}, {"model": "auth.permission", "pk": 46, "fields": {"name": "Can change store", "content_type": 12, "codename": "change_store"}}, {"model": "auth.permission", "pk": 47, "fields": {"name": "Can delete store", "content_type": 12, "codename": "delete_store"}}, {"model": "auth.permission", "pk": 48, "fields": {"name": "Can view store", "content_type": 12, "codename": "view_store"}}, {"model": "auth.user", "pk": 1, "fields": {"password": "pbkdf2_sha256$600000$5IzfvivfXcCoUsrOmuwaBJ$8aU4Ee7COJQVvPOGAWBvVTOOJ5w+lDHnE+0EhjP1M3o=", "last_login": "2023-06-20T07:28:13.015", "is_superuser": true, "username": "admin", "first_name": "", "last_name": "", "email": "", "is_staff": true, "is_active": true, "date_joined": "2023-05-26T13:10:00.423", "groups": [], "user_permissions": []}}, {"model": "contenttypes.contenttype", "pk": 1, "fields": {"app_label": "admin", "model": "logentry"}}, {"model": "contenttypes.contenttype", "pk": 2, "fields": {"app_label": "auth", "model": "permission"}}, {"model": "contenttypes.contenttype", "pk": 3, "fields": {"app_label": "auth", "model": "group"}}, {"model": "contenttypes.contenttype", "pk": 4, "fields": {"app_label": "auth", "model": "user"}}, {"model": "contenttypes.contenttype", "pk": 5, "fields": {"app_label": "contenttypes", "model": "contenttype"}}, {"model": "contenttypes.contenttype", "pk": 6, "fields": {"app_label": "sessions", "model": "session"}}, {"model": "contenttypes.contenttype", "pk": 7, "fields": {"app_label": "QuerySetAPI", "model": "student"}}, {"model": "contenttypes.contenttype", "pk": 8, "fields": {"app_label": "QuerySetAPI", "model": "teacher"}}, {"model": "contenttypes.contenttype", "pk": 9, "fields": {"app_label": "QuerySetAPI_4", "model": "author"}}, {"model": "contenttypes.contenttype", "pk": 10, "fields": {"app_label": "QuerySetAPI_4", "model": "book"}}, {"model": "contenttypes.contenttype", "pk": 11, "fields": {"app_label": "QuerySetAPI_4", "model": "publisher"}}, {"model": "contenttypes.contenttype", "pk": 12, "fields": {"app_label": "QuerySetAPI_4", "model": "store"}}, {"model": "sessions.session", "pk": "27iwl2au13k6u80uen82y8y9xfdk9myh", "fields": {"session_data": ".eJxVjEsOAiEQBe_C2hA-Ao1L956BdNMoowaSYWZlvLtOMgvdvqp6L5FwXWpaR5nTxOIktDj8boT5UdoG-I7t1mXubZknkpsidzrkpXN5nnf376DiqN_asnYWwJGKOTOaolTEayiRSRMhebRgPQTv2cfgODjt1TEgoDWQrRHvD-VhN3g:1q8lJw:kzB_XXDzv0eAAj0lFUbM3su6kqxQsL9_FKTxKDS4AZE", "expire_date": "2023-06-26T17:27:12.467"}}, {"model": "sessions.session", "pk": "27kf7vzbdke5puzxpq2mnhbk8d2dlb6r", "fields": {"session_data": ".eJxVjEsOAiEQBe_C2hA-Ao1L956BdNMoowaSYWZlvLtOMgvdvqp6L5FwXWpaR5nTxOIktDj8boT5UdoG-I7t1mXubZknkpsidzrkpXN5nnf376DiqN_asnYWwJGKOTOaolTEayiRSRMhebRgPQTv2cfgODjt1TEgoDWQrRHvD-VhN3g:1qAOJ3:ma1E_sKtE_1YjR94RSZzig6u63IPEwFDYHJImYcI8oo", "expire_date": "2023-07-01T11:17:01.822"}}, {"model": "sessions.session", "pk": "b2tsibbq313ov0irpewsvnwd3hzljwou", "fields": {"session_data": ".eJxVjEsOAiEQBe_C2hA-Ao1L956BdNMoowaSYWZlvLtOMgvdvqp6L5FwXWpaR5nTxOIktDj8boT5UdoG-I7t1mXubZknkpsidzrkpXN5nnf376DiqN_asnYWwJGKOTOaolTEayiRSRMhebRgPQTv2cfgODjt1TEgoDWQrRHvD-VhN3g:1q8xse:yWg0SmyyTR6Bx35RycSysAJQtg63EjxwzAwarbHfUIs", "expire_date": "2023-06-27T06:51:52.437"}}, {"model": "sessions.session", "pk": "df43aimtu4ap4rqdinmbnz0rnyqoq4xp", "fields": {"session_data": ".eJxVjEsOAiEQBe_C2hA-Ao1L956BdNMoowaSYWZlvLtOMgvdvqp6L5FwXWpaR5nTxOIktDj8boT5UdoG-I7t1mXubZknkpsidzrkpXN5nnf376DiqN_asnYWwJGKOTOaolTEayiRSRMhebRgPQTv2cfgODjt1TEgoDWQrRHvD-VhN3g:1q8Cok:6OQQRpHqIjCu5KdY5p6CVPI3DPxXRpii5PXxGJafSks", "expire_date": "2023-06-25T04:36:42.851"}}, {"model": "sessions.session", "pk": "kn7dek2az4w4abg1qxkcxew20a2twzu1", "fields": {"session_data": ".eJxVjEsOAiEQBe_C2hA-Ao1L956BdNMoowaSYWZlvLtOMgvdvqp6L5FwXWpaR5nTxOIktDj8boT5UdoG-I7t1mXubZknkpsidzrkpXN5nnf376DiqN_asnYWwJGKOTOaolTEayiRSRMhebRgPQTv2cfgODjt1TEgoDWQrRHvD-VhN3g:1q2Xe0:V1cWguxzsQdHY5wf5-taDtX72Jlwu60_ndk5CFXLuEg", "expire_date": "2023-06-09T13:38:12.746"}}, {"model": "sessions.session", "pk": "v49656xpg9nootr8wq8h38gtxd48i9bp", "fields": {"session_data": ".eJxVjEsOAiEQBe_C2hA-Ao1L956BdNMoowaSYWZlvLtOMgvdvqp6L5FwXWpaR5nTxOIktDj8boT5UdoG-I7t1mXubZknkpsidzrkpXN5nnf376DiqN_asnYWwJGKOTOaolTEayiRSRMhebRgPQTv2cfgODjt1TEgoDWQrRHvD-VhN3g:1qAjnf:D5f1SQjDiE6qv9-pqx4bNvubaX7BmPyu_H9LQjz_04E", "expire_date": "2023-07-02T10:14:03.382"}}, {"model": "sessions.session", "pk": "vtqvkfleguz7exv7sknwnd3ry1gjhh9t", "fields": {"session_data": ".eJxVjEsOAiEQBe_C2hA-Ao1L956BdNMoowaSYWZlvLtOMgvdvqp6L5FwXWpaR5nTxOIktDj8boT5UdoG-I7t1mXubZknkpsidzrkpXN5nnf376DiqN_asnYWwJGKOTOaolTEayiRSRMhebRgPQTv2cfgODjt1TEgoDWQrRHvD-VhN3g:1qBQAH:3YCLlXjAZDnt4TCenVCpKKnwNNL1CbALTdaWuofpsj8", "expire_date": "2023-07-04T07:28:13.049"}}, {"model": "QuerySetAPI.student", "pk": 1, "fields": {"name": "Md Rakib Hassan", "roll": 1001, "date_of_birth": "1994-10-20", "city": "Lalbagh", "marks": 90, "result": "Pass", "gread": "A+", "pass_date": "2022-10-11"}}, {"model": "QuerySetAPI.student", "pk": 3, "fields": {"name": "Md Hassan", "roll": 1003, "date_of_birth": "1998-10-20", "city": "Chandpur", "marks": 75, "result": "Pass", "gread": "A", "pass_date": "2023-02-14"}}, {"model": "QuerySetAPI.student", "pk": 4, "fields": {"name": "Md Rasel", "roll": 1004, "date_of_birth": "1999-05-01", "city": "Saver", "marks": 60, "result": "Pass", "gread": "A-", "pass_date": "2023-03-14"}}, {"model": "QuerySetAPI.student", "pk": 5, "fields": {"name": "Anu Ontora", "roll": 1005, "date_of_birth": "1995-06-01", "city": "Lalbagh", "marks": 61, "result": "Pass", "gread": "A-", "pass_date": "2015-02-15"}}, {"model": "QuerySetAPI.student", "pk": 6, "fields": {"name": "Nabil", "roll": 1006, "date_of_birth": "2002-09-27", "city": "Chitogong", "marks": 40, "result": "Pass", "gread": "D", "pass_date": "2023-03-24"}}, {"model": "QuerySetAPI.student", "pk": 7, "fields": {"name": "Jarry", "roll": 1008, "date_of_birth": "2001-12-11", "city": "Commila", "marks": 33, "result": "Pass", "gread": "E", "pass_date": "2023-02-24"}}, {"model": "QuerySetAPI.student", "pk": 8, "fields": {"name": "Ratul", "roll": 1009, "date_of_birth": "1998-05-03", "city": "Lalbagh", "marks": 66, "result": "Pass", "gread": "A-", "pass_date": "2023-01-11"}}, {"model": "QuerySetAPI.student", "pk": 9, "fields": {"name": "Md Hassan", "roll": 1002, "date_of_birth": "1995-10-20", "city": "Azimpur", "marks": 50, "result": "Pass", "gread": "B", "pass_date": "2015-06-25"}}, {"model": "QuerySetAPI.student", "pk": 10, "fields": {"name": "Md Sarwar Alam", "roll": 1010, "date_of_birth": "1996-07-21", "city": "Dhanmondi", "marks": 50, "result": "Pass", "gread": "B", "pass_date": "2023-02-21"}}, {"model": "QuerySetAPI.student", "pk": 11, "fields": {"name": "iOpu", "roll": 1011, "date_of_birth": "2009-01-13", "city": "Gazipur", "marks": 60, "result": "Pass", "gread": "A-", "pass_date": "2023-04-11"}}, {"model": "QuerySetAPI.student", "pk": 16, "fields": {"name": "Monju", "roll": 1012, "date_of_birth": "1995-12-03", "city": "Noakhali", "marks": 75, "result": "Pass", "gread": "A", "pass_date": "2015-12-20"}}, {"model": "QuerySetAPI.student", "pk": 17, "fields": {"name": "Siddek", "roll": 1013, "date_of_birth": "1999-06-14", "city": "Sonaimuri", "marks": 75, "result": "Pass", "gread": "A", "pass_date": "2015-12-10"}}, {"model": "QuerySetAPI.student", "pk": 19, "fields": {"name": "Md Hassan", "roll": 1015, "date_of_birth": "1995-10-20", "city": "Dhaka", "marks": 80, "result": "Pass", "gread": "A+", "pass_date": "2018-06-04"}}, {"model": "QuerySetAPI.student", "pk": 20, "fields": {"name": "Md Shahjahan Mia", "roll": 1016, "date_of_birth": "1961-01-01", "city": "Hazigong", "marks": 80, "result": "Pass", "gread": "A+", "pass_date": "1981-06-05"}}, {"model": "QuerySetAPI.student", "pk": 21, "fields": {"name": "Sadik", "roll": 1017, "date_of_birth": "2023-06-13", "city": "Kamrangirchar", "marks": 90, "result": "Pass", "gread": "A+", "pass_date": "2024-10-20"}}, {"model": "QuerySetAPI.student", "pk": 531, "fields": {"name": "Aladin", "roll": 1018, "date_of_birth": "1998-12-25", "city": "Dhaka", "marks": 25, "result": "Fail", "gread": "F", "pass_date": "2022-12-15"}}, {"model": "QuerySetAPI.student", "pk": 534, "fields": {"name": "Salvador Poole", "roll": 1020, "date_of_birth": "2022-11-25", "city": "Dolorum maxime esse ", "marks": 50, "result": "Pass", "gread": "B", "pass_date": "2010-08-07"}}, {"model": "QuerySetAPI.student", "pk": 537, "fields": {"name": "Diana Kerr", "roll": 1021, "date_of_birth": "1997-11-15", "city": "Perspiciatis reicie", "marks": 94, "result": "Pass", "gread": "A+", "pass_date": "2010-01-03"}}, {"model": "QuerySetAPI.student", "pk": 538, "fields": {"name": "md rakib hassan", "roll": 1022, "date_of_birth": "1995-10-20", "city": "Chandpur", "marks": 70, "result": "Pass", "gread": "A", "pass_date": "2013-06-25"}}, {"model": "QuerySetAPI.student", "pk": 539, "fields": {"name": "Md rakib hassan", "roll": 1023, "date_of_birth": "1998-10-20", "city": "Dhanmondi", "marks": 40, "result": "Pass", "gread": "E", "pass_date": "2009-12-14"}}, {"model": "QuerySetAPI.student", "pk": 540, "fields": {"name": "Md Rakib", "roll": 1024, "date_of_birth": "2001-12-11", "city": "Dhaka", "marks": 65, "result": "Pass", "gread": "A-", "pass_date": "2016-04-05"}}, {"model": "QuerySetAPI.student", "pk": 541, "fields": {"name": "Monsur Md Hassan", "roll": 1025, "date_of_birth": "2001-06-05", "city": "Mirpur", "marks": 32, "result": "Fail", "gread": "F", "pass_date": "2019-04-15"}}, {"model": "QuerySetAPI.student", "pk": 542, "fields": {"name": "Rahat Ali", "roll": 1026, "date_of_birth": "1990-06-05", "city": "Dhanmondi", "marks": 31, "result": "Fail", "gread": "F", "pass_date": "2010-08-08"}}, {"model": "QuerySetAPI.student", "pk": 543, "fields": {"name": "Arafat", "roll": 1027, "date_of_birth": "1994-05-15", "city": "Mirpur", "marks": 30, "result": "Fail", "gread": "F", "pass_date": "2020-06-05"}}, {"model": "QuerySetAPI.student", "pk": 544, "fields": {"name": "alamin", "roll": 1028, "date_of_birth": "1996-05-16", "city": "Chandpur", "marks": 29, "result": "Fail", "gread": "F", "pass_date": "2011-04-15"}}, {"model": "QuerySetAPI.student", "pk": 545, "fields": {"name": "Coffin N", "roll": 1029, "date_of_birth": "1991-04-05", "city": "Turki", "marks": 80, "result": "Pass", "gread": "A+", "pass_date": "2019-08-09"}}, {"model": "QuerySetAPI.student", "pk": 547, "fields": {"name": "abc", "roll": 1030, "date_of_birth": "2002-06-13", "city": "xyz", "marks": 52, "result": "Pass", "gread": "D", "pass_date": "2023-06-05"}}, {"model": "QuerySetAPI.student", "pk": 548, "fields": {"name": "Md Rashed", "roll": 1031, "date_of_birth": "2003-06-20", "city": "Borisal", "marks": 20, "result": "Fail", "gread": "F", "pass_date": "2023-06-16"}}, {"model": "QuerySetAPI.teacher", "pk": 1, "fields": {"emplyee_id": 101, "name": "Nazmul", "city": "Norsindi", "salary": 100000, "join": "2009-06-13T06:50:00"}}, {"model": "QuerySetAPI.teacher", "pk": 2, "fields": {"emplyee_id": 102, "name": "Md Hassan", "city": "Dhaka", "salary": 50000, "join": "2022-01-30T16:45:00"}}, {"model": "QuerySetAPI.teacher", "pk": 3, "fields": {"emplyee_id": 103, "name": "Md Rakib Hassan", "city": "Chandpur", "salary": 45000, "join": "2015-11-14T12:33:00"}}, {"model": "QuerySetAPI.teacher", "pk": 4, "fields": {"emplyee_id": 104, "name": "Abir", "city": "Borisal", "salary": 60000, "join": "2012-05-17T13:39:00"}}, {"model": "QuerySetAPI.teacher", "pk": 5, "fields": {"emplyee_id": 105, "name": "Ishak", "city": "Rajshahi", "salary": 70000, "join": "2010-10-02T16:41:00"}}, {"model": "QuerySetAPI.teacher", "pk": 6, "fields": {"emplyee_id": 106, "name": "Nisan", "city": "Chandpur", "salary": 20000, "join": "2018-12-29T10:12:00"}}, {"model": "QuerySetAPI_4.author", "pk": 1, "fields": {"name": "Mr Rakib", "age": 27}}, {"model": "QuerySetAPI_4.author", "pk": 2, "fields": {"name": "Md Hassan", "age": 24}}, {"model": "QuerySetAPI_4.author", "pk": 3, "fields": {"name": "Md Rasel", "age": 40}}, {"model": "QuerySetAPI_4.author", "pk": 4, "fields": {"name": "Biswas", "age": 21}}, {"model": "QuerySetAPI_4.author", "pk": 6, "fields": {"name": "Tanin", "age": 20}}, {"model": "QuerySetAPI_4.author", "pk": 7, "fields": {"name": "Nanin", "age": 20}}, {"model": "QuerySetAPI_4.author", "pk": 8, "fields": {"name": "Rijon", "age": 17}}, {"model": "QuerySetAPI_4.author", "pk": 9, "fields": {"name": "a", "age": 5}}, {"model": "QuerySetAPI_4.author", "pk": 10, "fields": {"name": "b", "age": 6}}, {"model": "QuerySetAPI_4.author", "pk": 11, "fields": {"name": "c", "age": 9}}, {"model": "QuerySetAPI_4.publisher", "pk": 1, "fields": {"name": "Onupom Book House"}}, {"model": "QuerySetAPI_4.publisher", "pk": 2, "fields": {"name": "Jupiter Book House"}}, {"model": "QuerySetAPI_4.publisher", "pk": 3, "fields": {"name": "Pangary Book House"}}, {"model": "QuerySetAPI_4.publisher", "pk": 4, "fields": {"name": "Khairul Book House"}}, {"model": "QuerySetAPI_4.publisher", "pk": 5, "fields": {"name": "Mp3 Book House"}}, {"model": "QuerySetAPI_4.book", "pk": 1, "fields": {"publisher": 3, "name": "C++ Easy Learn", "pages": 100, "price": "100.00", "rating": 4.0, "pubdate": "2015-04-15", "authors": [1, 2, 6]}}, {"model": "QuerySetAPI_4.book", "pk": 2, "fields": {"publisher": 1, "name": "C Programming", "pages": 120, "price": "250.00", "rating": 6.0, "pubdate": "2022-02-13", "authors": [3, 6]}}, {"model": "QuerySetAPI_4.book", "pk": 3, "fields": {"publisher": 2, "name": "Data Structure", "pages": 450, "price": "315.00", "rating": 3.0, "pubdate": "2023-05-10", "authors": [3, 4, 6]}}, {"model": "QuerySetAPI_4.book", "pk": 4, "fields": {"publisher": 3, "name": "Discrete Mathematics", "pages": 80, "price": "150.00", "rating": 7.0, "pubdate": "2015-09-18", "authors": [2, 7, 8]}}, {"model": "QuerySetAPI_4.book", "pk": 5, "fields": {"publisher": 3, "name": "Django and Rest API", "pages": 230, "price": "150.00", "rating": 3.0, "pubdate": "2016-06-05", "authors": [1, 4]}}, {"model": "QuerySetAPI_4.book", "pk": 6, "fields": {"publisher": 2, "name": "Python", "pages": 451, "price": "500.00", "rating": 6.0, "pubdate": "2021-06-04", "authors": [1, 3, 4]}}, {"model": "QuerySetAPI_4.book", "pk": 7, "fields": {"publisher": 4, "name": "Bank Math Easy Solution", "pages": 456, "price": "600.00", "rating": 7.0, "pubdate": "2021-10-29", "authors": [1, 3]}}, {"model": "QuerySetAPI_4.book", "pk": 8, "fields": {"publisher": 5, "name": "Bangladesh View", "pages": 850, "price": "956.00", "rating": 6.3, "pubdate": "2022-11-21", "authors": [6, 7, 8]}}, {"model": "QuerySetAPI_4.book", "pk": 9, "fields": {"publisher": 5, "name": "Bangladesh View", "pages": 850, "price": "956.00", "rating": 6.3, "pubdate": "2022-11-21", "authors": [6, 7, 8]}}, {"model": "QuerySetAPI_4.book", "pk": 10, "fields": {"publisher": 5, "name": "x", "pages": 10, "price": "10.00", "rating": 4.0, "pubdate": "2023-06-04", "authors": [9, 10]}}, {"model": "QuerySetAPI_4.book", "pk": 11, "fields": {"publisher": 1, "name": "y", "pages": 14, "price": "45.00", "rating": 6.0, "pubdate": "2022-12-05", "authors": [9, 10, 11]}}, {"model": "QuerySetAPI_4.book", "pk": 12, "fields": {"publisher": 3, "name": "z", "pages": 42, "price": "757.00", "rating": 7.0, "pubdate": "2022-08-16", "authors": [9, 11]}}, {"model": "QuerySetAPI_4.book", "pk": 13, "fields": {"publisher": 3, "name": "Python Easy", "pages": 754, "price": "405.00", "rating": 7.0, "pubdate": "2022-06-01", "authors": [2, 6, 8]}}, {"model": "QuerySetAPI_4.book", "pk": 14, "fields": {"publisher": 4, "name": "2 Week Python Learn", "pages": 456, "price": "700.00", "rating": 6.0, "pubdate": "2020-09-07", "authors": [3, 4]}}, {"model": "QuerySetAPI_4.store", "pk": 1, "fields": {"name": "Nilkhet", "books": [2, 3]}}, {"model": "QuerySetAPI_4.store", "pk": 2, "fields": {"name": "Bangla Bazar", "books": [1, 2]}}, {"model": "QuerySetAPI_4.store", "pk": 3, "fields": {"name": "Hajigong", "books": [2, 3, 5]}}]